i,C,dphi,tau
0,0.163950,0.811616,0.856116
1,0.084028,0.355859,0.856116
2,0.139373,0.477707,0.856116
3,0.141640,0.453291,0.856116
4,0.176819,0.182828,0.856116
5,0.034751,0.099293,0.856116
6,0.036042,0.093939,0.856116
7,0.038415,0.419848,0.856116
8,0.139373,0.365657,0.856116
9,0.163950,0.740404,0.856116
10,0.080916,0.153182,0.856116
11,0.035251,0.148586,0.856116