i,B,S,K
0,0.16667,0.83333,0.166667
1,0.33333,0.66667,0.333333
2,0.50000,0.50000,0.500000
3,0.58333,0.41667,0.583333
4,1.00000,0.00000,1.000000
5,0.66667,0.33333,0.666667
6,0.83333,0.16667,0.833333
7,0.08333,0.91667,0.083333
8,0.75000,0.25000,0.750000
9,0.25000,0.75000,0.250000
10,1.00000,0.00000,1.000000
11,0.41667,0.58333,0.416667